Kids_First_Participant_ID	cg_sum	cancer_group	gene_protein	Hugo_Symbol	Deceased_BS_ERRA7V0W	Recurrence_BS_Y386XSV3	sym	group
PT_DVXE38EX	Atypical Teratoid Rhabdoid Tumor	Atypical Teratoid Rhabdoid Tumor		TTLL7	0.03947368421052631	0.3466666666666667	FALSE	Common
PT_DVXE38EX	Atypical Teratoid Rhabdoid Tumor	Atypical Teratoid Rhabdoid Tumor		SMIM33	0.05042016806722689	0.4177215189873418	FALSE	Common
PT_DVXE38EX	Atypical Teratoid Rhabdoid Tumor	Atypical Teratoid Rhabdoid Tumor		EPPK1	0.19444444444444445	0	FALSE	Deceased
PT_DVXE38EX	Atypical Teratoid Rhabdoid Tumor	Atypical Teratoid Rhabdoid Tumor		WASHC1	0.07317073170731707	0	FALSE	Deceased
PT_DVXE38EX	Atypical Teratoid Rhabdoid Tumor	Atypical Teratoid Rhabdoid Tumor		UNC93B1	0.07920792079207921	0	FALSE	Deceased
PT_DVXE38EX	Atypical Teratoid Rhabdoid Tumor	Atypical Teratoid Rhabdoid Tumor		SUSD2	0.13978494623655913	0.0925925925925926	FALSE	Common
PT_DVXE38EX	Atypical Teratoid Rhabdoid Tumor	Atypical Teratoid Rhabdoid Tumor		UBR4	0	0.46846846846846846	FALSE	Recurrence
PT_DVXE38EX	Atypical Teratoid Rhabdoid Tumor	Atypical Teratoid Rhabdoid Tumor		TAF12	0	0.3956043956043956	FALSE	Recurrence
PT_DVXE38EX	Atypical Teratoid Rhabdoid Tumor	Atypical Teratoid Rhabdoid Tumor		ABCA4	0	0.06976744186046512	FALSE	Recurrence
PT_DVXE38EX	Atypical Teratoid Rhabdoid Tumor	Atypical Teratoid Rhabdoid Tumor		OLFML3	0	0.3979591836734694	FALSE	Recurrence
PT_DVXE38EX	Atypical Teratoid Rhabdoid Tumor	Atypical Teratoid Rhabdoid Tumor	NRAS_p.Q61R	NRAS	0	0.4230769230769231	TRUE	Recurrence
PT_DVXE38EX	Atypical Teratoid Rhabdoid Tumor	Atypical Teratoid Rhabdoid Tumor		RPRD2	0	0.5	FALSE	Recurrence
PT_DVXE38EX	Atypical Teratoid Rhabdoid Tumor	Atypical Teratoid Rhabdoid Tumor		LORICRIN	0	0.640625	FALSE	Recurrence
PT_DVXE38EX	Atypical Teratoid Rhabdoid Tumor	Atypical Teratoid Rhabdoid Tumor		SEMA4A	0	0.4673913043478261	FALSE	Recurrence
PT_DVXE38EX	Atypical Teratoid Rhabdoid Tumor	Atypical Teratoid Rhabdoid Tumor		ASTN1	0	0.4489795918367347	FALSE	Recurrence
PT_DVXE38EX	Atypical Teratoid Rhabdoid Tumor	Atypical Teratoid Rhabdoid Tumor		LAMC1	0	0.32857142857142857	FALSE	Recurrence
PT_DVXE38EX	Atypical Teratoid Rhabdoid Tumor	Atypical Teratoid Rhabdoid Tumor		MYOG	0	0.13636363636363635	FALSE	Recurrence
PT_DVXE38EX	Atypical Teratoid Rhabdoid Tumor	Atypical Teratoid Rhabdoid Tumor		CCDC185	0	0.3565217391304348	FALSE	Recurrence
PT_DVXE38EX	Atypical Teratoid Rhabdoid Tumor	Atypical Teratoid Rhabdoid Tumor		LEFTY1	0	0.3069306930693069	FALSE	Recurrence
PT_DVXE38EX	Atypical Teratoid Rhabdoid Tumor	Atypical Teratoid Rhabdoid Tumor		SH3YL1	0	0.38666666666666666	FALSE	Recurrence
PT_DVXE38EX	Atypical Teratoid Rhabdoid Tumor	Atypical Teratoid Rhabdoid Tumor		IL1RN	0	0.3775510204081632	FALSE	Recurrence
PT_DVXE38EX	Atypical Teratoid Rhabdoid Tumor	Atypical Teratoid Rhabdoid Tumor	TBR1_p.E4A	TBR1	0	0.48623853211009177	TRUE	Recurrence
PT_DVXE38EX	Atypical Teratoid Rhabdoid Tumor	Atypical Teratoid Rhabdoid Tumor		SP100	0	0.4886363636363637	FALSE	Recurrence
PT_DVXE38EX	Atypical Teratoid Rhabdoid Tumor	Atypical Teratoid Rhabdoid Tumor		PTH1R	0	0.3880597014925373	FALSE	Recurrence
PT_DVXE38EX	Atypical Teratoid Rhabdoid Tumor	Atypical Teratoid Rhabdoid Tumor		KPNA1	0	0.42857142857142855	FALSE	Recurrence
PT_DVXE38EX	Atypical Teratoid Rhabdoid Tumor	Atypical Teratoid Rhabdoid Tumor		SEMA5B	0	0.3877551020408163	FALSE	Recurrence
PT_DVXE38EX	Atypical Teratoid Rhabdoid Tumor	Atypical Teratoid Rhabdoid Tumor		TOPBP1	0	0.4117647058823529	FALSE	Recurrence
PT_DVXE38EX	Atypical Teratoid Rhabdoid Tumor	Atypical Teratoid Rhabdoid Tumor		ATR	0	0.4356435643564357	FALSE	Recurrence
PT_DVXE38EX	Atypical Teratoid Rhabdoid Tumor	Atypical Teratoid Rhabdoid Tumor		NSD2	0	0.42857142857142855	FALSE	Recurrence
PT_DVXE38EX	Atypical Teratoid Rhabdoid Tumor	Atypical Teratoid Rhabdoid Tumor		FAM193A	0	0.3684210526315789	FALSE	Recurrence
PT_DVXE38EX	Atypical Teratoid Rhabdoid Tumor	Atypical Teratoid Rhabdoid Tumor		STATH	0	0.5340909090909091	FALSE	Recurrence
PT_DVXE38EX	Atypical Teratoid Rhabdoid Tumor	Atypical Teratoid Rhabdoid Tumor		NDST4	0	0.7435897435897436	FALSE	Recurrence
PT_DVXE38EX	Atypical Teratoid Rhabdoid Tumor	Atypical Teratoid Rhabdoid Tumor		MCTP1	0	0.3829787234042553	FALSE	Recurrence
PT_DVXE38EX	Atypical Teratoid Rhabdoid Tumor	Atypical Teratoid Rhabdoid Tumor		PCDHGA10	0	0.23863636363636365	FALSE	Recurrence
PT_DVXE38EX	Atypical Teratoid Rhabdoid Tumor	Atypical Teratoid Rhabdoid Tumor		PCDHGC5	0	0.5116279069767442	FALSE	Recurrence
PT_DVXE38EX	Atypical Teratoid Rhabdoid Tumor	Atypical Teratoid Rhabdoid Tumor		TDP2	0	0.4057971014492754	FALSE	Recurrence
PT_DVXE38EX	Atypical Teratoid Rhabdoid Tumor	Atypical Teratoid Rhabdoid Tumor		TINAG	0	0.4105263157894737	FALSE	Recurrence
PT_DVXE38EX	Atypical Teratoid Rhabdoid Tumor	Atypical Teratoid Rhabdoid Tumor		RARS2	0	0.3253012048192771	FALSE	Recurrence
PT_DVXE38EX	Atypical Teratoid Rhabdoid Tumor	Atypical Teratoid Rhabdoid Tumor		MRM2	0	0.4489795918367347	FALSE	Recurrence
PT_DVXE38EX	Atypical Teratoid Rhabdoid Tumor	Atypical Teratoid Rhabdoid Tumor		DNAH11	0	0.43333333333333335	FALSE	Recurrence
PT_DVXE38EX	Atypical Teratoid Rhabdoid Tumor	Atypical Teratoid Rhabdoid Tumor		CAMK2B	0	0.40625	FALSE	Recurrence
PT_DVXE38EX	Atypical Teratoid Rhabdoid Tumor	Atypical Teratoid Rhabdoid Tumor		GTF2IRD1	0	0.4390243902439024	FALSE	Recurrence
PT_DVXE38EX	Atypical Teratoid Rhabdoid Tumor	Atypical Teratoid Rhabdoid Tumor		ABCB4	0	0.4810126582278481	FALSE	Recurrence
PT_DVXE38EX	Atypical Teratoid Rhabdoid Tumor	Atypical Teratoid Rhabdoid Tumor		SAMD9L	0	0.35443037974683544	FALSE	Recurrence
PT_DVXE38EX	Atypical Teratoid Rhabdoid Tumor	Atypical Teratoid Rhabdoid Tumor		FLNC	0	0.3548387096774194	FALSE	Recurrence
PT_DVXE38EX	Atypical Teratoid Rhabdoid Tumor	Atypical Teratoid Rhabdoid Tumor		EPHA1	0	0.3703703703703703	FALSE	Recurrence
PT_DVXE38EX	Atypical Teratoid Rhabdoid Tumor	Atypical Teratoid Rhabdoid Tumor		RP1L1	0	0.1111111111111111	FALSE	Recurrence
PT_DVXE38EX	Atypical Teratoid Rhabdoid Tumor	Atypical Teratoid Rhabdoid Tumor		C8orf58	0	0.4479166666666667	FALSE	Recurrence
PT_DVXE38EX	Atypical Teratoid Rhabdoid Tumor	Atypical Teratoid Rhabdoid Tumor		PLEC	0	0.24489795918367344	FALSE	Recurrence
PT_DVXE38EX	Atypical Teratoid Rhabdoid Tumor	Atypical Teratoid Rhabdoid Tumor		PLEC	0	0.5170454545454546	FALSE	Recurrence
PT_DVXE38EX	Atypical Teratoid Rhabdoid Tumor	Atypical Teratoid Rhabdoid Tumor		WDR97	0	0.5403726708074534	FALSE	Recurrence
PT_DVXE38EX	Atypical Teratoid Rhabdoid Tumor	Atypical Teratoid Rhabdoid Tumor		C9orf64	0	0.42857142857142855	FALSE	Recurrence
PT_DVXE38EX	Atypical Teratoid Rhabdoid Tumor	Atypical Teratoid Rhabdoid Tumor		CTSV	0	0.3815789473684211	FALSE	Recurrence
PT_DVXE38EX	Atypical Teratoid Rhabdoid Tumor	Atypical Teratoid Rhabdoid Tumor		SWI5	0	0.3592233009708738	FALSE	Recurrence
PT_DVXE38EX	Atypical Teratoid Rhabdoid Tumor	Atypical Teratoid Rhabdoid Tumor		GBGT1	0	0.46511627906976744	FALSE	Recurrence
PT_DVXE38EX	Atypical Teratoid Rhabdoid Tumor	Atypical Teratoid Rhabdoid Tumor		ARHGAP12	0	0.35294117647058826	FALSE	Recurrence
PT_DVXE38EX	Atypical Teratoid Rhabdoid Tumor	Atypical Teratoid Rhabdoid Tumor		PIK3AP1	0	0.34375	FALSE	Recurrence
PT_DVXE38EX	Atypical Teratoid Rhabdoid Tumor	Atypical Teratoid Rhabdoid Tumor		MKI67	0	0.375	FALSE	Recurrence
PT_DVXE38EX	Atypical Teratoid Rhabdoid Tumor	Atypical Teratoid Rhabdoid Tumor		CHKA	0	0.43373493975903615	FALSE	Recurrence
PT_DVXE38EX	Atypical Teratoid Rhabdoid Tumor	Atypical Teratoid Rhabdoid Tumor		MAP6	0	0.4395604395604395	FALSE	Recurrence
PT_DVXE38EX	Atypical Teratoid Rhabdoid Tumor	Atypical Teratoid Rhabdoid Tumor		GALNT8	0	0.4268292682926829	FALSE	Recurrence
PT_DVXE38EX	Atypical Teratoid Rhabdoid Tumor	Atypical Teratoid Rhabdoid Tumor		POU4F1	0	0.36666666666666664	FALSE	Recurrence
PT_DVXE38EX	Atypical Teratoid Rhabdoid Tumor	Atypical Teratoid Rhabdoid Tumor		CCDC168	0	0.4444444444444444	FALSE	Recurrence
PT_DVXE38EX	Atypical Teratoid Rhabdoid Tumor	Atypical Teratoid Rhabdoid Tumor		OR10G2	0	0.44155844155844154	FALSE	Recurrence
PT_DVXE38EX	Atypical Teratoid Rhabdoid Tumor	Atypical Teratoid Rhabdoid Tumor		PYGL	0	0.5185185185185185	FALSE	Recurrence
PT_DVXE38EX	Atypical Teratoid Rhabdoid Tumor	Atypical Teratoid Rhabdoid Tumor		IGHG4	0	0.3013698630136986	FALSE	Recurrence
PT_DVXE38EX	Atypical Teratoid Rhabdoid Tumor	Atypical Teratoid Rhabdoid Tumor		CYP19A1	0	0.4204545454545454	FALSE	Recurrence
PT_DVXE38EX	Atypical Teratoid Rhabdoid Tumor	Atypical Teratoid Rhabdoid Tumor		TICRR	0	0.04838709677419355	FALSE	Recurrence
PT_DVXE38EX	Atypical Teratoid Rhabdoid Tumor	Atypical Teratoid Rhabdoid Tumor		PGP	0	0.4537037037037037	FALSE	Recurrence
PT_DVXE38EX	Atypical Teratoid Rhabdoid Tumor	Atypical Teratoid Rhabdoid Tumor		RFWD3	0	0.425	FALSE	Recurrence
PT_DVXE38EX	Atypical Teratoid Rhabdoid Tumor	Atypical Teratoid Rhabdoid Tumor		KIF1C	0	0.6949152542372882	FALSE	Recurrence
PT_DVXE38EX	Atypical Teratoid Rhabdoid Tumor	Atypical Teratoid Rhabdoid Tumor	TP53_p.L130Qfs*18	TP53	0	0.5555555555555556	TRUE	Recurrence
PT_DVXE38EX	Atypical Teratoid Rhabdoid Tumor	Atypical Teratoid Rhabdoid Tumor	TP53_p.L130Tfs*39	TP53	0	0.6341463414634146	TRUE	Recurrence
PT_DVXE38EX	Atypical Teratoid Rhabdoid Tumor	Atypical Teratoid Rhabdoid Tumor	TP53_p.L130Kfs*18	TP53	0	0.6111111111111112	TRUE	Recurrence
PT_DVXE38EX	Atypical Teratoid Rhabdoid Tumor	Atypical Teratoid Rhabdoid Tumor	TP53_p.L130I	TP53	0	0.6363636363636364	TRUE	Recurrence
PT_DVXE38EX	Atypical Teratoid Rhabdoid Tumor	Atypical Teratoid Rhabdoid Tumor		PECAM1	0	0.3627450980392157	FALSE	Recurrence
PT_DVXE38EX	Atypical Teratoid Rhabdoid Tumor	Atypical Teratoid Rhabdoid Tumor		CASKIN2	0	0.390909090909091	FALSE	Recurrence
PT_DVXE38EX	Atypical Teratoid Rhabdoid Tumor	Atypical Teratoid Rhabdoid Tumor		CBX8	0	0.41379310344827586	FALSE	Recurrence
PT_DVXE38EX	Atypical Teratoid Rhabdoid Tumor	Atypical Teratoid Rhabdoid Tumor		LAMA1	0	0.3979591836734694	FALSE	Recurrence
PT_DVXE38EX	Atypical Teratoid Rhabdoid Tumor	Atypical Teratoid Rhabdoid Tumor		AP3D1	0	0.8157894736842105	FALSE	Recurrence
PT_DVXE38EX	Atypical Teratoid Rhabdoid Tumor	Atypical Teratoid Rhabdoid Tumor		DYRK1B	0	0.3157894736842105	FALSE	Recurrence
PT_DVXE38EX	Atypical Teratoid Rhabdoid Tumor	Atypical Teratoid Rhabdoid Tumor		PTH2	0	0.4606741573033708	FALSE	Recurrence
PT_DVXE38EX	Atypical Teratoid Rhabdoid Tumor	Atypical Teratoid Rhabdoid Tumor		ZNF813	0	0.328125	FALSE	Recurrence
PT_DVXE38EX	Atypical Teratoid Rhabdoid Tumor	Atypical Teratoid Rhabdoid Tumor		NLRP4	0	0.4177215189873418	FALSE	Recurrence
PT_DVXE38EX	Atypical Teratoid Rhabdoid Tumor	Atypical Teratoid Rhabdoid Tumor		C20orf144	0	0.5238095238095238	FALSE	Recurrence
PT_DVXE38EX	Atypical Teratoid Rhabdoid Tumor	Atypical Teratoid Rhabdoid Tumor		KCNB1	0	0.32894736842105265	FALSE	Recurrence
PT_DVXE38EX	Atypical Teratoid Rhabdoid Tumor	Atypical Teratoid Rhabdoid Tumor		PI4KA	0	0.33620689655172414	FALSE	Recurrence
PT_DVXE38EX	Atypical Teratoid Rhabdoid Tumor	Atypical Teratoid Rhabdoid Tumor		HIC2	0	0.4105263157894737	FALSE	Recurrence
PT_DVXE38EX	Atypical Teratoid Rhabdoid Tumor	Atypical Teratoid Rhabdoid Tumor		TOP3B	0	0.26	FALSE	Recurrence
PT_DVXE38EX	Atypical Teratoid Rhabdoid Tumor	Atypical Teratoid Rhabdoid Tumor		SGSM1	0	0.631578947368421	FALSE	Recurrence
PT_DVXE38EX	Atypical Teratoid Rhabdoid Tumor	Atypical Teratoid Rhabdoid Tumor		MT-CO1	0	0.6266112709065729	FALSE	Recurrence
