Kids_First_Participant_ID	cg_sum	cancer_group	gene_protein	Hugo_Symbol	Deceased_BS_HYKV2TH9	Diagnosis_BS_402W79TS	sym	group
PT_KTRJ8TFY	Diffuse midline glioma	Diffuse midline glioma		FOXE3	0.07446808510638298	0	FALSE	Deceased
PT_KTRJ8TFY	Diffuse midline glioma	Diffuse midline glioma		DEPDC1	0.1	0	FALSE	Deceased
PT_KTRJ8TFY	Diffuse midline glioma	Diffuse midline glioma		KCNT2	0.07142857142857142	0.07079646017699115	FALSE	Common
PT_KTRJ8TFY	Diffuse midline glioma	Diffuse midline glioma	H3-3A_p.K28M	H3-3A	0.34285714285714286	0.37916666666666665	TRUE	Common
PT_KTRJ8TFY	Diffuse midline glioma	Diffuse midline glioma	APC_p.P1584K	APC	0.11320754716981132	0	TRUE	Deceased
PT_KTRJ8TFY	Diffuse midline glioma	Diffuse midline glioma		NFYA	0.07766990291262135	0	FALSE	Deceased
PT_KTRJ8TFY	Diffuse midline glioma	Diffuse midline glioma		TFEC	0.1984732824427481	0.30502136752136755	FALSE	Common
PT_KTRJ8TFY	Diffuse midline glioma	Diffuse midline glioma		TFEC	0.1793103448275862	0.2957639939485628	FALSE	Common
PT_KTRJ8TFY	Diffuse midline glioma	Diffuse midline glioma		TFEC	0.1885245901639344	0.27972027972027974	FALSE	Common
PT_KTRJ8TFY	Diffuse midline glioma	Diffuse midline glioma		TRBV6-5	0.06329113924050633	0	FALSE	Deceased
PT_KTRJ8TFY	Diffuse midline glioma	Diffuse midline glioma		PRKDC	0.05405405405405406	0	FALSE	Deceased
PT_KTRJ8TFY	Diffuse midline glioma	Diffuse midline glioma		FER1L6	0.11458333333333331	0.04939759036144578	FALSE	Common
PT_KTRJ8TFY	Diffuse midline glioma	Diffuse midline glioma		WAC	0.04615384615384615	0	FALSE	Deceased
PT_KTRJ8TFY	Diffuse midline glioma	Diffuse midline glioma		ANK3	0.0990990990990991	0	FALSE	Deceased
PT_KTRJ8TFY	Diffuse midline glioma	Diffuse midline glioma		LCOR	0.05970149253731343	0	FALSE	Deceased
PT_KTRJ8TFY	Diffuse midline glioma	Diffuse midline glioma		PSD	0.14150943396226415	0	FALSE	Deceased
PT_KTRJ8TFY	Diffuse midline glioma	Diffuse midline glioma		CASP7	0.0989010989010989	0	FALSE	Deceased
PT_KTRJ8TFY	Diffuse midline glioma	Diffuse midline glioma		TRAV39	0.04705882352941176	0	FALSE	Deceased
PT_KTRJ8TFY	Diffuse midline glioma	Diffuse midline glioma		AHNAK2	0.09090909090909093	0	FALSE	Deceased
PT_KTRJ8TFY	Diffuse midline glioma	Diffuse midline glioma		VPS13C	0.07291666666666667	0	FALSE	Deceased
PT_KTRJ8TFY	Diffuse midline glioma	Diffuse midline glioma		ABCC6	0.06306306306306306	0	FALSE	Deceased
PT_KTRJ8TFY	Diffuse midline glioma	Diffuse midline glioma		NPIPB6	0.11475409836065574	0	FALSE	Deceased
PT_KTRJ8TFY	Diffuse midline glioma	Diffuse midline glioma	TP53_p.C242Y	TP53	0.1020408163265306	0.08952702702702703	TRUE	Common
PT_KTRJ8TFY	Diffuse midline glioma	Diffuse midline glioma	TP53_p.K120E	TP53	0.07692307692307693	0.18518518518518515	TRUE	Common
PT_KTRJ8TFY	Diffuse midline glioma	Diffuse midline glioma		ARHGAP27	0.07633587786259542	0	FALSE	Deceased
PT_KTRJ8TFY	Diffuse midline glioma	Diffuse midline glioma		SEPTIN9	0.0707070707070707	0	FALSE	Deceased
PT_KTRJ8TFY	Diffuse midline glioma	Diffuse midline glioma		GAREM1	0.09278350515463918	0	FALSE	Deceased
PT_KTRJ8TFY	Diffuse midline glioma	Diffuse midline glioma		FCGBP	0.16176470588235295	0	FALSE	Deceased
PT_KTRJ8TFY	Diffuse midline glioma	Diffuse midline glioma		KIR2DL3	0.06896551724137931	0	FALSE	Deceased
PT_KTRJ8TFY	Diffuse midline glioma	Diffuse midline glioma		GJC2	0	0.18181818181818185	FALSE	Diagnosis
PT_KTRJ8TFY	Diffuse midline glioma	Diffuse midline glioma		ATR	0	0.08370044052863436	FALSE	Diagnosis
PT_KTRJ8TFY	Diffuse midline glioma	Diffuse midline glioma		ITGA1	0	0.1371794871794872	FALSE	Diagnosis
PT_KTRJ8TFY	Diffuse midline glioma	Diffuse midline glioma		MAGI2	0	0.05691056910569105	FALSE	Diagnosis
PT_KTRJ8TFY	Diffuse midline glioma	Diffuse midline glioma		TFEC	0	0.2540394973070018	FALSE	Diagnosis
PT_KTRJ8TFY	Diffuse midline glioma	Diffuse midline glioma		LAPTM4B	0	0.03947368421052631	FALSE	Diagnosis
PT_KTRJ8TFY	Diffuse midline glioma	Diffuse midline glioma		NAP1L4	0	0.02375296912114014	FALSE	Diagnosis
PT_KTRJ8TFY	Diffuse midline glioma	Diffuse midline glioma		R3HDM2	0	0.07006369426751592	FALSE	Diagnosis
PT_KTRJ8TFY	Diffuse midline glioma	Diffuse midline glioma		ZNF207	0	0.04613297150610583	FALSE	Diagnosis
PT_KTRJ8TFY	Diffuse midline glioma	Diffuse midline glioma		SBK3	0	0.03846153846153846	FALSE	Diagnosis
PT_KTRJ8TFY	Diffuse midline glioma	Diffuse midline glioma		RUNX1	0	0.08641975308641975	FALSE	Diagnosis
PT_KTRJ8TFY	Diffuse midline glioma	Diffuse midline glioma		FAM47C	0	0.03853955375253549	FALSE	Diagnosis
